{"cameraMode":{"drawMode":0,"name":"Shaded","section":"Shading Mode"},"sceneLighting":true,"audioPlay":false,"sceneViewState":{"m_AlwaysRefresh":false,"showFog":true,"showSkybox":true,"showFlares":true,"showImageEffects":true,"showParticleSystems":true,"showVisualEffectGraphs":true,"m_FxEnabled":true},"in2DMode":false,"pivot":{"x":6.19714879989624,"y":6.745633602142334,"z":-6.814064025878906},"rotation":{"x":0.18376386165618897,"y":0.0029490136075764896,"z":-0.0005437692161649466,"w":0.9830514788627625},"size":8.652132987976075,"orthographic":false}